{
  "__type__": "cc.SpriteFrame",
  "content": {
    "name": "Dating_head13",
    "atlas": "",
    "rect": {
      "x": 0,
      "y": 2,
      "width": 145,
      "height": 143
    },
    "offset": {
      "x": 0,
      "y": -1
    },
    "originalSize": {
      "width": 145,
      "height": 145
    },
    "rotated": false,
    "capInsets": [
      0,
      0,
      0,
      0
    ],
    "vertices": {
      "rawPosition": [
        -72.5,
        -71.5,
        0,
        72.5,
        -71.5,
        0,
        -72.5,
        71.5,
        0,
        72.5,
        71.5,
        0
      ],
      "indexes": [
        0,
        1,
        2,
        2,
        1,
        3
      ],
      "uv": [
        0,
        143,
        145,
        143,
        0,
        0,
        145,
        0
      ],
      "nuv": [
        0,
        0,
        1,
        0,
        0,
        0.9862068965517241,
        1,
        0.9862068965517241
      ],
      "minPos": {
        "x": -72.5,
        "y": -71.5,
        "z": 0
      },
      "maxPos": {
        "x": 72.5,
        "y": 71.5,
        "z": 0
      }
    },
    "texture": "5644a249-398b-4c4e-b770-360027f056a0@6c48a",
    "packable": true,
    "pixelsToUnit": 100,
    "pivot": {
      "x": 0.5,
      "y": 0.5
    },
    "meshType": 0
  }
}