{
  "__type__": "cc.SpriteFrame",
  "content": {
    "name": "loading1",
    "atlas": "",
    "rect": {
      "x": 10,
      "y": 10,
      "width": 590,
      "height": 28
    },
    "offset": {
      "x": -88.5,
      "y": -2
    },
    "originalSize": {
      "width": 787,
      "height": 44
    },
    "rotated": false,
    "capInsets": [
      0,
      0,
      0,
      0
    ],
    "vertices": {
      "rawPosition": [
        -295,
        -14,
        0,
        295,
        -14,
        0,
        -295,
        14,
        0,
        295,
        14,
        0
      ],
      "indexes": [
        0,
        1,
        2,
        2,
        1,
        3
      ],
      "uv": [
        10,
        34,
        600,
        34,
        10,
        6,
        600,
        6
      ],
      "nuv": [
        0.012706480304955527,
        0.13636363636363635,
        0.7623888182973316,
        0.13636363636363635,
        0.012706480304955527,
        0.7727272727272727,
        0.7623888182973316,
        0.7727272727272727
      ],
      "minPos": {
        "x": -295,
        "y": -14,
        "z": 0
      },
      "maxPos": {
        "x": 295,
        "y": 14,
        "z": 0
      }
    },
    "texture": "96a548a1-bf00-4ed9-8861-290bb9a87d02@6c48a",
    "packable": true,
    "pixelsToUnit": 100,
    "pivot": {
      "x": 0.5,
      "y": 0.5
    },
    "meshType": 0
  }
}