{
  "__type__": "cc.SpriteFrame",
  "content": {
    "name": "loading0",
    "atlas": "",
    "rect": {
      "x": 9,
      "y": 10,
      "width": 590,
      "height": 28
    },
    "offset": {
      "x": -89.5,
      "y": -2
    },
    "originalSize": {
      "width": 787,
      "height": 44
    },
    "rotated": false,
    "capInsets": [
      0,
      0,
      0,
      0
    ],
    "vertices": {
      "rawPosition": [
        -295,
        -14,
        0,
        295,
        -14,
        0,
        -295,
        14,
        0,
        295,
        14,
        0
      ],
      "indexes": [
        0,
        1,
        2,
        2,
        1,
        3
      ],
      "uv": [
        9,
        34,
        599,
        34,
        9,
        6,
        599,
        6
      ],
      "nuv": [
        0.011435832274459974,
        0.13636363636363635,
        0.761118170266836,
        0.13636363636363635,
        0.011435832274459974,
        0.7727272727272727,
        0.761118170266836,
        0.7727272727272727
      ],
      "minPos": {
        "x": -295,
        "y": -14,
        "z": 0
      },
      "maxPos": {
        "x": 295,
        "y": 14,
        "z": 0
      }
    },
    "texture": "b5f57b74-6924-4648-9d45-2cefd169e54c@6c48a",
    "packable": true,
    "pixelsToUnit": 100,
    "pivot": {
      "x": 0.5,
      "y": 0.5
    },
    "meshType": 0
  }
}