{
  "__type__": "cc.SpriteFrame",
  "content": {
    "name": "wzmj_card",
    "atlas": "",
    "rect": {
      "x": 2,
      "y": 2,
      "width": 1316,
      "height": 249
    },
    "offset": {
      "x": 0,
      "y": 0
    },
    "originalSize": {
      "width": 1320,
      "height": 253
    },
    "rotated": false,
    "capInsets": [
      0,
      0,
      0,
      0
    ],
    "vertices": {
      "rawPosition": [
        -658,
        -124.5,
        0,
        658,
        -124.5,
        0,
        -658,
        124.5,
        0,
        658,
        124.5,
        0
      ],
      "indexes": [
        0,
        1,
        2,
        2,
        1,
        3
      ],
      "uv": [
        2,
        251,
        1318,
        251,
        2,
        2,
        1318,
        2
      ],
      "nuv": [
        0.0015151515151515152,
        0.007905138339920948,
        0.9984848484848485,
        0.007905138339920948,
        0.0015151515151515152,
        0.9920948616600791,
        0.9984848484848485,
        0.9920948616600791
      ],
      "minPos": {
        "x": -658,
        "y": -124.5,
        "z": 0
      },
      "maxPos": {
        "x": 658,
        "y": 124.5,
        "z": 0
      }
    },
    "texture": "8c5b9d0a-08bb-42d0-82f5-216a541eadf7@6c48a",
    "packable": true,
    "pixelsToUnit": 100,
    "pivot": {
      "x": 0.5,
      "y": 0.5
    },
    "meshType": 0
  }
}