{
  "__type__": "cc.SpriteFrame",
  "content": {
    "name": "mj_card",
    "atlas": "",
    "rect": {
      "x": 2,
      "y": 2,
      "width": 2008,
      "height": 248
    },
    "offset": {
      "x": -0.5,
      "y": 0.5
    },
    "originalSize": {
      "width": 2013,
      "height": 253
    },
    "rotated": false,
    "capInsets": [
      0,
      0,
      0,
      0
    ],
    "vertices": {
      "rawPosition": [
        -1004,
        -124,
        0,
        1004,
        -124,
        0,
        -1004,
        124,
        0,
        1004,
        124,
        0
      ],
      "indexes": [
        0,
        1,
        2,
        2,
        1,
        3
      ],
      "uv": [
        2,
        251,
        2010,
        251,
        2,
        3,
        2010,
        3
      ],
      "nuv": [
        0.0009935419771485345,
        0.011857707509881422,
        0.9985096870342772,
        0.011857707509881422,
        0.0009935419771485345,
        0.9920948616600791,
        0.9985096870342772,
        0.9920948616600791
      ],
      "minPos": {
        "x": -1004,
        "y": -124,
        "z": 0
      },
      "maxPos": {
        "x": 1004,
        "y": 124,
        "z": 0
      }
    },
    "texture": "16619663-a554-4810-bc97-6bedb6ba953c@6c48a",
    "packable": true,
    "pixelsToUnit": 100,
    "pivot": {
      "x": 0.5,
      "y": 0.5
    },
    "meshType": 0
  }
}