{
  "__type__": "cc.SpriteFrame",
  "content": {
    "name": "mj_card",
    "atlas": "",
    "rect": {
      "x": 2,
      "y": 2,
      "width": 1981,
      "height": 191
    },
    "offset": {
      "x": 0,
      "y": 0
    },
    "originalSize": {
      "width": 1985,
      "height": 195
    },
    "rotated": false,
    "capInsets": [
      0,
      0,
      0,
      0
    ],
    "vertices": {
      "rawPosition": [
        -990.5,
        -95.5,
        0,
        990.5,
        -95.5,
        0,
        -990.5,
        95.5,
        0,
        990.5,
        95.5,
        0
      ],
      "indexes": [
        0,
        1,
        2,
        2,
        1,
        3
      ],
      "uv": [
        2,
        193,
        1983,
        193,
        2,
        2,
        1983,
        2
      ],
      "nuv": [
        0.0010075566750629723,
        0.010256410256410256,
        0.998992443324937,
        0.010256410256410256,
        0.0010075566750629723,
        0.9897435897435898,
        0.998992443324937,
        0.9897435897435898
      ],
      "minPos": {
        "x": -990.5,
        "y": -95.5,
        "z": 0
      },
      "maxPos": {
        "x": 990.5,
        "y": 95.5,
        "z": 0
      }
    },
    "texture": "16619663-a554-4810-bc97-6bedb6ba953c@6c48a",
    "packable": true,
    "pixelsToUnit": 100,
    "pivot": {
      "x": 0.5,
      "y": 0.5
    },
    "meshType": 0
  }
}