{
  "__type__": "cc.SpriteFrame",
  "content": {
    "name": "dating_PHB1",
    "atlas": "",
    "rect": {
      "x": 4,
      "y": 1,
      "width": 48,
      "height": 43
    },
    "offset": {
      "x": 0,
      "y": 2
    },
    "originalSize": {
      "width": 56,
      "height": 49
    },
    "rotated": false,
    "capInsets": [
      0,
      0,
      0,
      0
    ],
    "vertices": {
      "rawPosition": [
        -24,
        -21.5,
        0,
        24,
        -21.5,
        0,
        -24,
        21.5,
        0,
        24,
        21.5,
        0
      ],
      "indexes": [
        0,
        1,
        2,
        2,
        1,
        3
      ],
      "uv": [
        4,
        48,
        52,
        48,
        4,
        5,
        52,
        5
      ],
      "nuv": [
        0.07142857142857142,
        0.10204081632653061,
        0.9285714285714286,
        0.10204081632653061,
        0.07142857142857142,
        0.9795918367346939,
        0.9285714285714286,
        0.9795918367346939
      ],
      "minPos": {
        "x": -24,
        "y": -21.5,
        "z": 0
      },
      "maxPos": {
        "x": 24,
        "y": 21.5,
        "z": 0
      }
    },
    "texture": "5c4e656b-07a1-4eb2-a4d6-2fa9e14c043e@6c48a",
    "packable": true,
    "pixelsToUnit": 100,
    "pivot": {
      "x": 0.5,
      "y": 0.5
    },
    "meshType": 0
  }
}